{"sections":{"banner":{"type":"main-collection-banner","settings":{"show_collection_description":true,"show_collection_image":false,"color_scheme":"background-2"}},"product-grid":{"type":"main-collection-product-grid","settings":{"products_per_page":24,"columns_desktop":5,"image_ratio":"portrait","show_secondary_image":true,"show_vendor":true,"show_rating":false,"enable_quick_add":false,"enable_filtering":true,"filter_type":"horizontal","enable_sorting":true,"columns_mobile":"2","padding_top":36,"padding_bottom":60}}},"order":["banner","product-grid"]}