{"sections":{"slideshow":{"type":"slideshow","blocks":{"c4a43eba-b076-444b-b512-baf718a90de9":{"type":"slide","settings":{"image":"shopify:\/\/shop_images\/Image_25-07-23_at_12.25_PM.jpg","heading":"<strong>CARPET SALE<\/strong>","heading_size":"h1","subheading":"Don't wait! Sale Ends Midnight","button_label":"Shop Now","link":"shopify:\/\/collections\/carpet-sale","button_style_secondary":false,"box_align":"middle-center","show_text_box":false,"text_alignment":"center","image_overlay_opacity":30,"color_scheme":"background-1","text_alignment_mobile":"center"}}},"block_order":["c4a43eba-b076-444b-b512-baf718a90de9"],"settings":{"layout":"full_bleed","slide_height":"large","slider_visual":"dots","auto_rotate":true,"change_slides_speed":3,"image_behavior":"none","show_text_below":false,"accessibility_info":"Crafted with love and loyality."}},"f0d5e8b6-9e70-411b-9fe6-27d4421c4747":{"type":"image-banner","settings":{"image":"shopify:\/\/shop_images\/asdsadad.png","image_overlay_opacity":0,"image_height":"adapt","desktop_content_position":"bottom-right","show_text_box":false,"desktop_content_alignment":"right","color_scheme":"background-1","image_behavior":"none","mobile_content_alignment":"right","stack_images_on_mobile":false,"show_text_below":false}},"a58bc6ff-aaad-42da-8ad6-7c0b942bd665":{"type":"rich-text","blocks":{"template--18652658958651__a58bc6ff-aaad-42da-8ad6-7c0b942bd665-16814212551af8defc-0":{"type":"heading","settings":{"heading":"<strong>Shop By Style<\/strong>","heading_size":"h2"}}},"block_order":["template--18652658958651__a58bc6ff-aaad-42da-8ad6-7c0b942bd665-16814212551af8defc-0"],"settings":{"desktop_content_position":"center","content_alignment":"center","color_scheme":"background-1","full_width":true,"padding_top":28,"padding_bottom":40}},"3223bc74-d4b8-444b-9511-ed8c00eb44cf":{"type":"collection-list","blocks":{"template--18652658958651__3223bc74-d4b8-444b-9511-ed8c00eb44cf-1681118183ac3b1f91-0":{"type":"featured_collection","settings":{"collection":"modern"}},"template--18652658958651__3223bc74-d4b8-444b-9511-ed8c00eb44cf-1681118183ac3b1f91-2":{"type":"featured_collection","settings":{"collection":"geometric"}},"c8cce9df-314d-432d-bdce-393d5b22f570":{"type":"featured_collection","settings":{"collection":"classic"}},"58ec97aa-29c4-49cc-a294-c70e07138058":{"type":"featured_collection","settings":{"collection":"floral"}},"452e2069-9dbc-472f-b381-9e6f6c4b6fa1":{"type":"featured_collection","settings":{"collection":"abstract"}},"fab751a3-c86b-4776-bcf9-0746fcac2a24":{"type":"featured_collection","settings":{"collection":"solid"}},"a73745fd-3119-4329-8c99-ff0ebb972d6d":{"type":"featured_collection","settings":{"collection":"unshaped"}}},"block_order":["template--18652658958651__3223bc74-d4b8-444b-9511-ed8c00eb44cf-1681118183ac3b1f91-0","template--18652658958651__3223bc74-d4b8-444b-9511-ed8c00eb44cf-1681118183ac3b1f91-2","c8cce9df-314d-432d-bdce-393d5b22f570","58ec97aa-29c4-49cc-a294-c70e07138058","452e2069-9dbc-472f-b381-9e6f6c4b6fa1","fab751a3-c86b-4776-bcf9-0746fcac2a24","a73745fd-3119-4329-8c99-ff0ebb972d6d"],"settings":{"title":"","heading_size":"h2","image_ratio":"portrait","columns_desktop":4,"color_scheme":"background-1","show_view_all":false,"columns_mobile":"2","swipe_on_mobile":true,"padding_top":0,"padding_bottom":36}},"564d14a4-de26-4141-a461-40c6ddadc920":{"type":"slideshow","blocks":{"e9fe811a-7cb7-4708-a080-788687747f30":{"type":"slide","settings":{"image":"shopify:\/\/shop_images\/custom_resized_6eab89de-ff65-43ff-b5c3-dcc0b2ae698d.jpg","heading":"<strong>BESTSELLERS<\/strong>","heading_size":"h1","subheading":"Upgrade your space with popular rugs","button_label":"Shop Now","link":"shopify:\/\/collections\/bestseller","button_style_secondary":false,"box_align":"middle-center","show_text_box":false,"text_alignment":"center","image_overlay_opacity":30,"color_scheme":"background-1","text_alignment_mobile":"center"}}},"block_order":["e9fe811a-7cb7-4708-a080-788687747f30"],"settings":{"layout":"full_bleed","slide_height":"large","slider_visual":"dots","auto_rotate":false,"change_slides_speed":3,"image_behavior":"none","show_text_below":false,"accessibility_info":"Slideshow about our brand"}},"7dd21912-3a22-4e35-a242-8b02312eec16":{"type":"slideshow","settings":{"layout":"full_bleed","slide_height":"large","slider_visual":"dots","auto_rotate":false,"change_slides_speed":3,"image_behavior":"none","show_text_below":false,"accessibility_info":"Slideshow about our brand"}},"ff85852f-e124-49fd-8dd6-53d54eebe0dd":{"type":"rich-text","blocks":{"43bed891-283e-44a0-970f-f6588a8b410e":{"type":"heading","settings":{"heading":"<strong>Shop By Room<\/strong>","heading_size":"h2"}}},"block_order":["43bed891-283e-44a0-970f-f6588a8b410e"],"settings":{"desktop_content_position":"center","content_alignment":"center","color_scheme":"background-1","full_width":true,"padding_top":40,"padding_bottom":40}},"241cd72d-e0d9-405d-bfb3-2ab185d454e2":{"type":"collection-list","blocks":{"b6f8c1a5-56fe-47f5-a218-e4f843d8750f":{"type":"featured_collection","settings":{"collection":"living"}},"462eefef-6f7a-4247-bb36-f3ac5d16f8c1":{"type":"featured_collection","settings":{"collection":"bedroom"}},"2b528328-a7dc-4b17-a141-e140a35bd0f6":{"type":"featured_collection","settings":{"collection":"dinning"}},"6aa64bad-27c2-477c-8849-647f549a05b8":{"type":"featured_collection","settings":{"collection":"office"}},"a307edc0-eb57-4b11-93a2-3589ace3b9a3":{"type":"featured_collection","settings":{"collection":"puja"}},"ac8b3bee-35b2-494e-9f99-e8219d78e0d2":{"type":"featured_collection","settings":{"collection":"kids"}}},"block_order":["b6f8c1a5-56fe-47f5-a218-e4f843d8750f","462eefef-6f7a-4247-bb36-f3ac5d16f8c1","2b528328-a7dc-4b17-a141-e140a35bd0f6","6aa64bad-27c2-477c-8849-647f549a05b8","a307edc0-eb57-4b11-93a2-3589ace3b9a3","ac8b3bee-35b2-494e-9f99-e8219d78e0d2"],"settings":{"title":"","heading_size":"h2","image_ratio":"portrait","columns_desktop":3,"color_scheme":"background-1","show_view_all":false,"columns_mobile":"2","swipe_on_mobile":true,"padding_top":0,"padding_bottom":36}}},"order":["slideshow","f0d5e8b6-9e70-411b-9fe6-27d4421c4747","a58bc6ff-aaad-42da-8ad6-7c0b942bd665","3223bc74-d4b8-444b-9511-ed8c00eb44cf","564d14a4-de26-4141-a461-40c6ddadc920","7dd21912-3a22-4e35-a242-8b02312eec16","ff85852f-e124-49fd-8dd6-53d54eebe0dd","241cd72d-e0d9-405d-bfb3-2ab185d454e2"]}