{"sections":{"main":{"type":"main-product","blocks":{"vendor":{"type":"text","settings":{"text":"{{ product.vendor }}","text_style":"uppercase"}},"title":{"type":"title","settings":{}},"price":{"type":"price","settings":{}},"judgeme_preview_badge_product_page_ffdd5b0f":{"type":"shopify:\/\/apps\/judge-me-product-reviews\/blocks\/preview_badge\/61ccd3b1-a9f2-4160-9fe9-4fec8413e5d8","settings":{}},"variant_picker":{"type":"variant_picker","settings":{"picker_type":"button"}},"quantity_selector":{"type":"quantity_selector","settings":{}},"buy_buttons":{"type":"buy_buttons","settings":{"show_dynamic_checkout":true,"show_gift_card_recipient":false}},"share":{"type":"share","settings":{"share_label":"Share"}},"d6ec3496-1532-400a-ab5a-e2a1af5bc451":{"type":"collapsible_tab","settings":{"heading":"Details","icon":"none","content":"<p>{{ product.metafields.import_information.trade_item_description | metafield_tag }}<\/p><p><\/p>","page":""}},"d5bd99a4-7478-4ff9-b8f8-6efeb2ae5fda":{"type":"collapsible_tab","settings":{"heading":"Size Chart","icon":"none","content":"","page":"size-chart"}},"d7ce4710-1b20-4786-a18b-e481ced79d22":{"type":"collapsible_tab","settings":{"heading":"Care & Maintenance","icon":"none","content":"<p>• Do not fold the rug.<br\/>• Do not brush or scrub the rug.<br\/>• Only vacuum clean it periodically.<br\/>• Shedding is a natural property of new rug.<br\/>• Avoid using the rug in damp or wet surface.<br\/>• If spills occur, blot immediately. Do not rub the stain.<br\/>• Periodic use Professional Carpet Cleaning Services only.<br\/>• If thread comes out do not pull the yarn. Trim with scissors.<br\/>• Use protectors under the legs of heavy furniture to avoid flattening and piling.<\/p>","page":""}},"30338c10-bb1c-4afa-8631-99ba2712fe93":{"type":"collapsible_tab","settings":{"heading":"Shipping & Return Info","icon":"none","content":"<p>• Free Shipping anywhere in India, for international deliveries shipping charges<br\/>added at the checkout.<br\/>• Delivery Estimates: 5 TO 10 business days for India & 10 TO 15 business<br\/>days for international, in some cases custom clearance might take longer.<br\/>• All returns must be requested within 48 hours of receiving the order to<br\/>receive refund or replacement, not applicable for custom rug<\/p>","page":""}}},"block_order":["vendor","title","price","judgeme_preview_badge_product_page_ffdd5b0f","variant_picker","quantity_selector","buy_buttons","share","d6ec3496-1532-400a-ab5a-e2a1af5bc451","d5bd99a4-7478-4ff9-b8f8-6efeb2ae5fda","d7ce4710-1b20-4786-a18b-e481ced79d22","30338c10-bb1c-4afa-8631-99ba2712fe93"],"settings":{"enable_sticky_info":true,"media_size":"large","constrain_to_viewport":true,"media_fit":"contain","gallery_layout":"thumbnail_slider","media_position":"left","image_zoom":"lightbox","mobile_thumbnails":"hide","hide_variants":true,"enable_video_looping":false,"padding_top":40,"padding_bottom":0}},"judgeme_section_review_widget_33ff":{"type":"apps","blocks":{"judgeme_review_widget_1a6cd097":{"type":"shopify:\/\/apps\/judge-me-product-reviews\/blocks\/review_widget\/61ccd3b1-a9f2-4160-9fe9-4fec8413e5d8","settings":{}}},"block_order":["judgeme_review_widget_1a6cd097"],"settings":{"include_margins":true}},"related-products":{"type":"related-products","settings":{"heading":"You may also like","heading_size":"h1","products_to_show":4,"columns_desktop":4,"color_scheme":"background-1","image_ratio":"portrait","show_secondary_image":true,"show_vendor":false,"show_rating":false,"columns_mobile":"2","padding_top":56,"padding_bottom":56}}},"order":["main","judgeme_section_review_widget_33ff","related-products"]}