{"name":"t:sections.footer.name","type":"footer","sections":{"0dcf0001-adeb-492a-a5b4-3aa062ab1bc6":{"type":"newsletter","blocks":{"sections--18652659417403__0dcf0001-adeb-492a-a5b4-3aa062ab1bc6-heading-1":{"type":"heading","settings":{"heading":"<strong>Subscribe To Newsletter<\/strong>","heading_size":"h2"}},"sections--18652659417403__0dcf0001-adeb-492a-a5b4-3aa062ab1bc6-paragraph-1":{"type":"paragraph","settings":{"text":"<h5>Sign up for perks, and exclusive first access to newest collections and sales.<\/h5>"}},"sections--18652659417403__0dcf0001-adeb-492a-a5b4-3aa062ab1bc6-email_form-1":{"type":"email_form","settings":{}}},"block_order":["sections--18652659417403__0dcf0001-adeb-492a-a5b4-3aa062ab1bc6-heading-1","sections--18652659417403__0dcf0001-adeb-492a-a5b4-3aa062ab1bc6-paragraph-1","sections--18652659417403__0dcf0001-adeb-492a-a5b4-3aa062ab1bc6-email_form-1"],"settings":{"color_scheme":"background-2","full_width":true,"padding_top":44,"padding_bottom":0}},"footer":{"type":"footer","blocks":{"2e32a8fd-9614-44aa-825a-5f90aa540276":{"type":"text","settings":{"heading":"CONTACT US","subtext":"<h4>Call \/ WhatsApp <br\/>+91 8115592063<br\/><\/h4><h4>Email <br\/><a href=\"mailto:info@layerrugs.com\" title=\"mailto:info@layerrugs.com\">Info@layerrugs.com<\/a><br\/><br\/>Address  <br\/>Layer Rugs, Chandradeepa, <br\/>Jangi Rd, Mirzapur<br\/><a href=\"https:\/\/goo.gl\/maps\/D74fF8eWL33hiYCm9\" title=\"https:\/\/goo.gl\/maps\/D74fF8eWL33hiYCm9\">See on Map<\/a><\/h4>"}},"070c963e-d8c6-412b-918f-2e3423c97150":{"type":"link_list","settings":{"heading":"GUIDES & POLICIES","menu":"policies"}}},"block_order":["2e32a8fd-9614-44aa-825a-5f90aa540276","070c963e-d8c6-412b-918f-2e3423c97150"],"settings":{"color_scheme":"background-2","newsletter_enable":false,"newsletter_heading":"Subscribe to Newsletter","enable_follow_on_shop":true,"show_social":true,"enable_country_selector":true,"enable_language_selector":true,"payment_enable":true,"show_policy":false,"margin_top":0,"padding_top":44,"padding_bottom":32}}},"order":["0dcf0001-adeb-492a-a5b4-3aa062ab1bc6","footer"]}