{"name":"t:sections.header.name","type":"header","sections":{"announcement-bar":{"type":"announcement-bar","disabled":true,"blocks":{"announcement-bar-0":{"type":"announcement","settings":{"text":"USE CODE : LAYER : TO AVAIL EXTRA 10%","text_alignment":"center","color_scheme":"background-2","link":""}}},"block_order":["announcement-bar-0"],"settings":{}},"header":{"type":"header","settings":{"logo_position":"middle-center","menu":"main-menu","menu_type_desktop":"drawer","sticky_header_type":"always","show_line_separator":false,"color_scheme":"background-1","enable_country_selector":true,"enable_language_selector":true,"mobile_logo_position":"center","margin_bottom":0,"padding_top":4,"padding_bottom":4}}},"order":["announcement-bar","header"]}